date;ai skills;automation;workflow
2025-03-02;0;43;15
2025-03-09;0;25;13
2025-03-16;0;36;13
2025-03-23;0;77;20
2025-03-30;0;75;20
2025-04-06;0;80;22
2025-04-13;0;84;21
2025-04-20;0;100;20
2025-04-27;0;94;20
2025-05-04;0;93;20
2025-05-11;0;90;25
2025-05-18;0;84;25
2025-05-25;0;74;15
2025-06-01;0;80;24
2025-06-08;4;83;25
2025-06-15;0;84;24
2025-06-22;0;87;25
2025-06-29;0;54;18
2025-07-06;0;19;12
2025-07-13;0;19;14
2025-07-20;0;19;12
2025-07-27;0;22;16
2025-08-03;0;20;14
2025-08-10;0;22;14
2025-08-17;0;24;15
2025-08-24;0;20;13
2025-08-31;0;22;10
2025-09-07;0;18;10
2025-09-14;0;15;10
2025-09-21;0;14;13
2025-09-28;0;17;11
2025-10-05;0;19;12
2025-10-12;0;14;10
2025-10-19;0;14;13
2025-10-26;0;19;19
2025-11-02;0;23;17
2025-11-09;0;26;22
2025-11-16;0;26;19
2025-11-23;0;23;20
2025-11-30;0;31;26
2025-12-07;3;36;33
2025-12-14;3;39;28
2025-12-21;3;31;28
2025-12-28;0;29;18
2026-01-04;0;33;23
2026-01-11;4;35;28
2026-01-18;3;31;27
2026-01-25;3;40;23
2026-02-01;3;29;22
2026-02-08;7;48;34
2026-02-15;5;45;36
2026-02-22;3;29;26
2026-03-01;2;19;17
